<?xml version="1.0" encoding="UTF-8"?>
<!DOCTYPE mapper
  PUBLIC "-//mybatis.org//DTD Mapper 3.0//EN"
  "http://mybatis.org/dtd/mybatis-3-mapper.dtd">
  
 <mapper namespace="com.biz.bbs.mapper.BbsDao">
 
 
 	<select id="selectMain" resultMap="bbsReplay">
 		SELECT * FROM tbl_bbs WHERE bbs_p_id IS NULL OR bbs_p_id = 0
 	</select>
 	
 	<!-- 전체 리스트를 뽑아서 selectSub로 돌려주기 -->
 	<resultMap type="bbsVO" id="bbsReplay">
 		<id column="bbs_id" property="bbs_id" />
 		<result column="bbs_id" property="bbs_id"/>
 		<collection property="bbs_replay" column="bbs_id"
 			ofType="bbsVO" select="selectSub"/>
 	</resultMap>
 	
 	<select id="selectSub" resultType="bbsVO">
 		SELECT * FROM tbl_bbs WHERE bbs_p_id = #{bbs_id}
 	</select>

 
 	<insert id="insert">
 	INSERT INTO `tbl_bbs`
			(`BBS_ID`,
			`BBS_P_ID`,
			`BBS_WRITER`,
			`BBS_DATE`,
			`BBS_TIME`,
			`BBS_SUBJECT`,
			`BBS_CONTENT`,
			`BBS_COUNT`)
			VALUES
			(#{bbs_id},
			#{bbs_p_id},
			#{bbs_writer},
			#{bbs_date},
			#{bbs_time},
			#{bbs_subject},
			#{bbs_content},
			#{bbs_count}
			);
 	</insert>
 	
 	<update id="update">
 		UPDATE `tbl_bbs`
		SET
			`bbs_p_id` = #{bbs_p_id},
			`bbs_writer` = #{bbs_writer},
			`bbs_date` = #{bbs_date},
			`bbs_time` = #{bbs_time},
			`bbs_subject` = #{bbs_subject},
			`bbs_content` = #{bbs_content},
			`bbs_count` = #{bbs_count}
		WHERE `BBS_ID` = #{bbs_id};
 	</update>
 
 </mapper> 