<?xml version="1.0" encoding="UTF-8"?>
<beans xmlns="http://www.springframework.org/schema/beans"
	xmlns:xsi="http://www.w3.org/2001/XMLSchema-instance"
	xmlns:context="http://www.springframework.org/schema/context"
	xmlns:mybatis-spring="http://mybatis.org/schema/mybatis-spring"
	xmlns:tx="http://www.springframework.org/schema/tx"
	xsi:schemaLocation="http://mybatis.org/schema/mybatis-spring http://mybatis.org/schema/mybatis-spring-1.2.xsd
		http://www.springframework.org/schema/beans https://www.springframework.org/schema/beans/spring-beans-4.3.xsd
		http://www.springframework.org/schema/context https://www.springframework.org/schema/context/spring-context-4.3.xsd
		http://www.springframework.org/schema/tx https://www.springframework.org/schema/tx/spring-tx-4.3.xsd">


	<!-- dataSource -->
	<bean id="mysqlDS" class="org.apache.commons.dbcp2.BasicDataSource">
		<property name="driverClassName" value="com.mysql.cj.jdbc.Driver"/>
		<property name="url" 
			value="jdbc:mysql://127.0.0.1:3306/emsDB?serverTimezone=Asia/Seoul" />
		<property name="username" value="${mysql.user}"/>
		<property name="password" value="${mysql.password}"/>
	</bean>
	
	<!-- SqlSessionFactory -->
	<bean class="org.mybatis.spring.SqlSessionFactoryBean">
		<property name="dataSource" ref="mysqlDS"/>
		<property name="typeAliasesPackage" value="com.biz.bbs.domain"/>
		<property name="mapperLocations" 
				value="/WEB-INF/spring/mapper/*-mapper.xml"/>
		<property name="configuration">
			<bean class="org.apache.ibatis.session.Configuration">
				<property name="cacheEnabled" value="true"/>
				<property name="defaultExecutorType" value="REUSE"/>
				<property name="jdbcTypeForNull" value="VARCHAR"/>
				<property name="mapUnderscoreToCamelCase" value="false"/>
				<property name="logPrefix" value="마이바티스 : "/>
			</bean>
		</property>
	</bean>
	
	<tx:annotation-driven/>
	<bean id="transactionManager" 
		class="org.springframework.jdbc.datasource.DataSourceTransactionManager">
		<property name="dataSource" ref="mysqlDS"/>
	</bean>
	
	<mybatis-spring:scan base-package="com.biz.bbs.mapper"/>

</beans>
